id_cliente,nome,cidade,estado,idade,genero
1,Esther da Mota,Silva dos Dourados,RJ,39,Outro
2,Melina Camargo,da Rocha de Guerra,PR,33,F
3,Sra. Nicole da Paz,Marques de Souza,RS,41,F
4,Laís da Costa,Dias,RJ,50,F
5,Vitória Vargas,Oliveira,CE,32,Outro
6,Laura Porto,Gomes de Peixoto,DF,32,F
7,Anthony Sales,Moreira de das Neves,SP,50,M
8,Liz Macedo,Freitas,RJ,42,F
9,Eloah Viana,da Conceição de Minas,RS,30,F
10,Enzo Mendonça,Pereira,DF,40,Outro
11,Helena da Mota,Cardoso de Cassiano,CE,30,F
12,Dra. Maya Siqueira,Melo,CE,30,F
13,Enzo Duarte,Pereira Paulista,RS,37,M
14,Raul Rocha,da Cruz de Machado,DF,18,M
15,Noah Cirino,Monteiro,SP,18,M
16,Dra. Maria Fernanda Aragão,Sá,BA,29,F
17,Enzo Gabriel Moraes,Montenegro Verde,PR,24,M
18,Ana da Mota,Abreu,RS,38,F
19,Thales Camargo,Santos Alegre,RJ,25,M
20,Alexia da Mota,Ribeiro,BA,20,F
21,Sra. Heloísa Ramos,Azevedo das Flores,SC,49,F
22,Benício Vasconcelos,Ramos Verde,DF,32,M
23,Dr. Rodrigo Carvalho,Pereira,SP,35,M
24,Ravi Lucca Novaes,da Cunha,PE,20,Outro
25,Sr. Nicolas Brito,Cavalcanti de Leão,RJ,29,Outro
26,Dr. José Miguel Araújo,Cunha,RJ,36,M
27,Aylla Castro,Castro do Amparo,PR,23,Outro
28,Esther Cavalcanti,Barbosa das Pedras,DF,38,Outro
29,Pedro Miguel Lima,Casa Grande da Praia,DF,28,M
30,Olívia Fogaça,Pereira,RJ,32,F
31,Isabel Pires,Moreira de Martins,RS,28,F
32,Dr. Luiz Fernando Nogueira,da Luz de Montenegro,RJ,53,M
33,Zoe Sampaio,Martins,RJ,34,F
34,Luiz Fernando Machado,Sá,PR,24,M
35,João Felipe Cavalcanti,Pereira do Oeste,SC,43,M
36,Joana Teixeira,Casa Grande do Amparo,SC,22,F
37,Enzo Lopes,Martins,RS,37,M
38,Sr. Luiz Gustavo Duarte,da Conceição,PR,18,Outro
39,Isaque Carvalho,da Conceição de Minas,RJ,21,Outro
40,Dr. Erick Araújo,Andrade do Campo,MG,36,Outro
41,Yago Cardoso,Lopes das Flores,RS,42,Outro
42,Srta. Lunna Ferreira,Pimenta,PE,36,F
43,José Pedro da Mota,Novaes,PR,33,M
44,Larissa Barbosa,Vasconcelos,CE,31,Outro
45,Maria Isis Pinto,Santos,SC,20,F
46,Milena Martins,Costela das Flores,RS,27,F
47,Pietra Costa,Borges,SC,30,F
48,Marcos Vinicius Siqueira,Ramos dos Dourados,PR,45,M
49,Rebeca Costa,Moura da Praia,RS,38,F
50,Benicio Sousa,Pimenta de Goiás,SC,18,Outro
51,Antonella Guerra,da Cunha,PE,38,F
52,João Gomes,Santos,PE,31,M
53,Sra. Maria Sophia Machado,Borges Grande,PR,28,F
54,Srta. Maria Cecília da Paz,Farias,RS,41,F
55,Helena Martins,Fernandes do Sul,CE,45,Outro
56,Diogo da Rocha,Silva Paulista,PR,44,Outro
57,João Guilherme Farias,Costela dos Dourados,DF,26,Outro
58,Rhavi da Paz,Cavalcante da Serra,DF,31,M
59,Benicio Pinto,da Costa de Caldeira,SC,38,M
60,Cecilia Azevedo,da Rocha,MG,44,F
61,Dr. Calebe Mendonça,da Costa do Campo,PE,30,Outro
62,Evelyn Farias,da Rocha,SP,33,F
63,Sophie Costela,Duarte,MG,23,F
64,Srta. Helena Melo,Cirino,MG,23,Outro
65,Davi Lucas Moura,Cavalcanti de Macedo,BA,43,Outro
66,Arthur Macedo,Pastor,RJ,48,Outro
67,Mateus Rezende,Caldeira de Marques,BA,34,M
68,Sra. Maria Flor Silva,Caldeira,PE,45,Outro
69,Maria Fernanda Albuquerque,Leão,PR,38,Outro
70,Laís Moreira,Pimenta Grande,SP,28,Outro
71,Srta. Gabriela Guerra,Gomes,RJ,38,Outro
72,João Vitor Cirino,Costela,CE,50,Outro
73,Antônio Santos,Gonçalves Verde,SC,34,M
74,Maria Isis Pereira,Rodrigues de Vasconcelos,PR,50,F
75,Theo Azevedo,Cavalcanti Verde,MG,18,M
76,Bryan Pacheco,Rezende,SP,43,M
77,Lavínia Sousa,Moreira,PR,35,Outro
78,Sra. Elisa Oliveira,Sampaio,MG,32,Outro
79,Vitor Gabriel da Conceição,Fonseca,RJ,35,Outro
80,Gael Ramos,Oliveira de Minas,PR,18,Outro
81,Aurora Fernandes,Albuquerque,CE,32,Outro
82,Valentim Sá,Fogaça da Serra,RS,38,Outro
83,Lívia Novaes,Barros Alegre,SC,49,F
84,Ágatha Siqueira,Leão,CE,29,F
85,Enzo Casa Grande,Ribeiro,SP,26,Outro
86,Bruno Campos,Vargas,SC,29,Outro
87,Yan Brito,Camargo,SP,44,M
88,Ana Julia Cunha,Sales da Mata,SC,38,F
89,João Felipe Abreu,Cassiano,RS,29,M
90,Zoe Marques,Nunes,RS,40,F
91,Enzo Gabriel Garcia,Almeida de Goiás,RJ,35,Outro
92,Olívia Lima,Sá,PE,44,F
93,Maria Cecília da Cruz,Castro de Goiás,CE,27,F
94,Dra. Lara Câmara,Siqueira,MG,31,F
95,Maria Flor Araújo,Guerra das Pedras,PE,31,Outro
96,Srta. Isabella Guerra,da Paz de Duarte,MG,20,Outro
97,Nathan Andrade,Cavalcanti da Prata,CE,37,M
98,Luara da Costa,Barros do Norte,BA,37,Outro
99,Srta. Maria Cecília Pereira,Monteiro,CE,35,F
100,Amanda da Luz,Lopes da Serra,RS,32,Outro
101,Srta. Jade Moraes,Nascimento,PR,20,Outro
102,Dr. Gabriel da Rocha,da Rocha do Amparo,SC,30,M
103,Rafael Pastor,Mendes dos Dourados,CE,31,M
104,Enzo da Cruz,Castro Verde,RJ,26,M
105,Sabrina Ferreira,Gonçalves,RS,33,F
106,Eloah da Cruz,da Rocha,SC,39,F
107,Ana Duarte,Cirino,DF,53,F
108,Maria Sophia Andrade,Rios,RS,36,Outro
109,Luana Vieira,Pacheco Verde,RS,37,Outro
110,Clara Ramos,Castro,RJ,34,F
111,Ana Julia Nogueira,Fogaça,SP,18,Outro
112,Ana Luiza da Cruz,Nunes Alegre,RJ,34,F
113,Sarah Borges,Costela,SC,35,F
114,Juliana Silva,Sales Paulista,CE,59,F
115,Dra. Ana Carolina Cunha,Carvalho,PR,33,F
116,Camila Moreira,Cardoso,PE,38,Outro
117,Maya Silveira,Melo,CE,34,F
118,Sra. Lara Nogueira,Machado do Sul,DF,23,F
119,Dra. Bárbara Rezende,Aparecida de Goiás,PE,46,Outro
120,Caroline Costa,Souza do Norte,PE,42,F
121,Sr. Matheus Macedo,Novaes,RS,42,M
122,Mirella Lima,Abreu de Barros,RJ,25,F
123,Isis Porto,Rios,BA,49,Outro
124,Thomas Pinto,Pimenta,BA,20,M
125,Luiz Otávio Silveira,Martins de Sousa,PE,40,M
126,Maria Júlia Fonseca,Farias,SP,56,Outro
127,Maria Laura Castro,Albuquerque de Ribeiro,RJ,25,Outro
128,Ana Beatriz Siqueira,Rezende,BA,29,F
129,Erick da Rosa,Martins,SC,35,Outro
130,Stella Albuquerque,Correia da Mata,RS,29,F
131,Srta. Alícia Aragão,Casa Grande,RS,19,F
132,Lavínia Costela,da Conceição da Praia,PE,35,Outro
133,Giovanna Melo,Barros Verde,BA,24,F
134,Hadassa Cassiano,Alves,PR,39,F
135,Dr. Gustavo Pimenta,Gomes Verde,RS,25,M
136,Luara da Conceição,Farias,PE,50,F
137,Ísis da Costa,Fogaça,RJ,27,Outro
138,Lavínia Costa,Macedo do Sul,CE,31,F
139,Manuela Câmara,Jesus Verde,RJ,43,F
140,Maria Montenegro,Albuquerque Grande,MG,22,F
141,José Pedro Duarte,Caldeira,PE,37,M
142,Luiz Otávio Nascimento,Cavalcanti,RS,48,M
143,Pedro Miguel Siqueira,Rocha da Prata,SP,18,M
144,Dra. Amanda Sales,Santos,BA,36,F
145,Isabella Aragão,Cunha,BA,37,F
146,Isaac Machado,Vargas,PE,42,M
147,Sr. Bernardo Camargo,Macedo do Galho,BA,22,M
148,Gabriel Farias,Alves de Goiás,CE,21,Outro
149,Bernardo Jesus,Peixoto,PE,40,Outro
150,Sra. Olívia Cunha,Dias,RS,37,F
151,Levi Montenegro,Moreira,RS,37,M
152,Sara Rodrigues,da Cunha do Oeste,DF,38,F
153,Ana Julia Fernandes,Costa da Mata,CE,28,Outro
154,Sra. Marcela Siqueira,Ribeiro de da Mata,SC,37,F
155,Stella Melo,Gomes Grande,SP,37,F
156,Srta. Manuella Silva,Nunes,PE,27,Outro
157,Apollo Ribeiro,Azevedo,CE,53,Outro
158,Clarice Sales,Siqueira Alegre,SP,39,F
159,Carlos Eduardo Aragão,da Rosa,RJ,23,Outro
160,Lívia Silveira,Porto,RJ,41,F
161,Maria Sophia Martins,da Rosa,RJ,25,Outro
162,Srta. Isabella Nascimento,Vasconcelos,RS,42,Outro
163,Luan Barros,da Cruz,RJ,46,M
164,Kamilly da Conceição,Moura de da Cunha,RS,26,Outro
165,Hadassa Lopes,Andrade da Praia,DF,44,Outro
166,Lunna Ribeiro,das Neves,DF,39,F
167,Gabriela Moreira,Rezende da Mata,BA,43,F
168,Sr. Calebe Andrade,Leão de Lima,DF,53,Outro
169,Srta. Eloá Pimenta,Gonçalves,CE,32,Outro
170,Vitor Hugo Cirino,Carvalho,PR,27,M
171,Helena Freitas,Carvalho de Garcia,SC,26,F
172,Sra. Luísa Pacheco,Aragão,PR,26,F
173,Juan Marques,Viana do Norte,MG,34,M
174,Srta. Valentina da Conceição,Moraes da Mata,PR,38,Outro
175,Thales Cirino,Oliveira de Novaes,SC,37,M
176,Sra. Maria Flor Vargas,Pires,SP,43,F
177,Gael Henrique Rodrigues,Novaes de Pastor,DF,35,M
178,Dr. Noah Farias,Cassiano,RJ,49,Outro
179,Cecilia Sá,da Mata,CE,32,F
180,Cecília Vieira,da Mata do Amparo,CE,62,F
181,Theo Novais,Nunes,MG,41,M
182,Levi Duarte,Freitas da Praia,RJ,26,M
183,Marcela Freitas,da Costa da Mata,SC,24,F
184,Isaque Araújo,da Mota das Pedras,MG,39,M
185,Bento Nogueira,Cavalcante do Galho,CE,32,M
186,Stephany Campos,Martins,PR,42,Outro
187,Sr. Gabriel Silveira,Albuquerque de Cavalcanti,CE,39,Outro
188,Dra. Stephany Alves,Barros,CE,34,F
189,Luiz Gustavo Cavalcante,Nogueira,RJ,26,M
190,Camila Alves,Costa do Oeste,PR,19,F
191,Eloá Barros,Castro,RJ,30,F
192,Ana Julia Peixoto,Abreu,CE,43,Outro
193,Maria Clara Novais,Câmara,PR,37,F
194,Luigi Moura,Rocha de Sá,DF,22,M
195,Cecília Ribeiro,Teixeira,SC,36,F
196,Agatha Ribeiro,Viana das Flores,PR,38,F
197,Ana Cecília Duarte,da Paz do Amparo,PE,26,Outro
198,Ian da Costa,Azevedo do Oeste,SP,36,M
199,Maria Laura Lopes,Câmara de Goiás,BA,35,F
200,Luiz Fernando Vasconcelos,Rios das Flores,SP,23,M
201,Alice Sampaio,Sousa Verde,SC,38,F
202,Julia das Neves,Rios,PR,40,F
203,Beatriz Sampaio,Campos,PE,45,F
204,Theodoro Barros,Borges,BA,45,Outro
205,Asafe Monteiro,Campos da Prata,SP,21,Outro
206,Manuella Oliveira,Pacheco,RJ,25,F
207,Ana Vitória Sales,Pinto,MG,40,Outro
208,Maria Flor Abreu,Borges da Serra,SP,40,Outro
209,Theo Almeida,Pastor,DF,40,M
210,Henry Gabriel Sá,da Paz,MG,70,Outro
211,Otto Albuquerque,Aragão,MG,40,M
212,Giovanna Brito,Macedo,PR,46,F
213,Dr. João Guilherme Melo,Pacheco da Prata,SP,44,M
214,Dr. Bruno Mendonça,Campos,RS,41,M
215,Dante Sales,Teixeira do Campo,RS,31,Outro
216,Julia Pires,Montenegro,RJ,42,Outro
217,Gustavo Henrique Moraes,Nogueira,CE,27,M
218,Anthony Ferreira,Montenegro de Nascimento,DF,32,M
219,Cauã Costa,Vargas do Campo,MG,30,Outro
220,Mariah Porto,Oliveira,MG,35,F
221,Eduarda da Costa,Araújo da Prata,BA,58,F
222,Ana Aparecida,Moraes do Sul,MG,18,F
223,Lavínia Novaes,Cunha das Pedras,SC,41,Outro
224,Antony Sampaio,Andrade de Teixeira,RS,18,M
225,Enzo Vasconcelos,Pastor do Galho,MG,30,M
226,Maria Luiza Carvalho,Araújo,RJ,45,Outro
227,André Viana,Souza,SP,35,M
228,Luiz Miguel Montenegro,Correia do Campo,RS,24,M
229,Zoe Dias,Lopes de Carvalho,PE,27,F
230,Thiago Gomes,Souza,PR,41,M
231,Clara Campos,Araújo,RS,27,F
232,Dra. Marina Correia,Pacheco,RS,37,F
233,Isaque Aparecida,Santos dos Dourados,SC,35,M
234,João Teixeira,Siqueira,RJ,28,M
235,Francisco Borges,Brito,SC,56,M
236,Dra. Ayla Farias,Rocha do Galho,CE,41,Outro
237,Rodrigo Jesus,Abreu,CE,18,M
238,João Fogaça,Correia de Freitas,SP,36,M
239,Rafaela Sousa,da Rosa Verde,PR,28,F
240,Clara da Rosa,Siqueira do Galho,DF,43,F
241,Benjamin Novaes,Pacheco de Minas,SP,27,M
242,Maria Isis da Rosa,Santos de Minas,DF,33,F
243,Heitor Novaes,Cavalcante,SC,40,M
244,Bruna Vasconcelos,da Cunha do Sul,SC,43,Outro
245,Bryan Silveira,Nascimento das Flores,DF,22,M
246,Dr. Liam Alves,Garcia Verde,RJ,31,Outro
247,Dr. Antônio da Rocha,Sampaio Paulista,DF,30,M
248,Elisa Pereira,Farias,PR,28,F
249,Aurora Machado,Cassiano Verde,BA,52,F
250,Heloisa Gonçalves,Martins,CE,39,F
251,Isabel Teixeira,Andrade,RS,22,Outro
252,Gustavo Henrique Fonseca,Montenegro da Mata,BA,44,M
253,Sra. Maria Alice Pacheco,Barbosa da Serra,SC,56,F
254,Ana Clara Peixoto,Peixoto,SC,45,Outro
255,Erick Porto,da Rosa,RJ,19,Outro
256,Maya Castro,Novais Verde,PR,30,Outro
257,Paulo Cardoso,Costela,PR,47,Outro
258,Benjamin Pires,Gomes das Flores,BA,27,Outro
259,Carlos Eduardo da Cruz,Vasconcelos,BA,39,M
260,Ana Julia Novaes,Guerra,PR,42,Outro
261,Letícia Rocha,Martins,MG,25,Outro
262,Giovanna Silveira,da Rocha das Flores,BA,34,F
263,Yuri Albuquerque,Siqueira,BA,18,Outro
264,Rafaela Pastor,Moreira,MG,24,Outro
265,Dra. Laura Rios,Silva,DF,32,Outro
266,Benjamim Correia,da Cunha,BA,22,M
267,Lucas Nascimento,Casa Grande,SP,51,Outro
268,Brayan Vieira,Melo das Flores,PR,20,M
269,Maria Clara Oliveira,Caldeira da Prata,BA,30,F
270,Ana Carolina Ramos,Aparecida de Fernandes,DF,36,Outro
271,Evelyn Vargas,da Paz do Oeste,SC,49,Outro
272,Kevin Teixeira,Cirino,PE,20,M
273,Mathias Carvalho,Vieira dos Dourados,RS,46,M
274,Pedro Lucas Rios,Novaes da Serra,PE,35,Outro
275,Kevin Andrade,Cavalcanti das Flores,MG,25,Outro
276,Dr. Henry Gabriel Fernandes,Silva,RJ,39,Outro
277,Lucca Novais,Porto de Montenegro,CE,36,M
278,Manuella Fernandes,Gonçalves de Albuquerque,DF,28,Outro
279,Leonardo Oliveira,Fogaça,RJ,35,M
280,Marcela Rios,Andrade de Goiás,PR,31,F
281,Dra. Luísa Pires,Melo,RS,36,F
282,Sophie Peixoto,das Neves da Prata,SP,41,F
283,Srta. Maria Fernanda Martins,da Costa,RS,50,F
284,João Vitor Sá,Machado Alegre,DF,22,M
285,Mariana Novais,Cavalcanti Grande,PE,56,F
286,Guilherme Viana,Farias,DF,18,M
287,Giovanna Pinto,Nascimento,BA,33,F
288,Rhavi Nascimento,da Paz,BA,40,M
289,Maria Clara Moraes,Nogueira,MG,37,F
290,Hadassa Moraes,Montenegro,SP,28,Outro
291,Ana Laura Siqueira,Casa Grande Alegre,BA,32,F
292,Emilly Duarte,Nunes de da Luz,MG,30,F
293,Maysa Rios,Machado,CE,29,Outro
294,Anthony Silva,da Rocha da Prata,SP,43,M
295,Caio Cassiano,Duarte de Goiás,RS,38,Outro
296,Srta. Ana Laura Campos,Alves dos Dourados,PE,28,F
297,Ágatha Ramos,Novais de Goiás,PE,43,F
298,Sarah da Luz,Cavalcanti das Flores,CE,38,Outro
299,Danilo Oliveira,Cavalcante das Pedras,DF,43,Outro
300,Carlos Eduardo Aragão,Leão,PE,41,M
301,José Sousa,da Cruz,CE,26,Outro
302,Benicio Sales,Correia,CE,29,M
303,Sr. Léo Freitas,Barbosa do Oeste,MG,42,M
304,Bella da Rocha,da Cruz Grande,PE,41,Outro
305,Dr. Enzo Gabriel Lima,Albuquerque Verde,PR,34,M
306,Beatriz Aparecida,Caldeira de Moraes,PR,36,F
307,Zoe Costela,Souza do Norte,PE,47,Outro
308,Liam Moraes,Oliveira do Amparo,RS,29,Outro
309,Yan Barbosa,Cavalcanti de Minas,PE,40,M
310,Isabelly Rodrigues,Santos,PR,32,F
311,Vitória Marques,Aparecida Grande,PR,32,F
312,Luiz Miguel Macedo,Pinto,SC,45,M
313,Camila Cirino,Castro,RJ,43,Outro
314,Sarah Albuquerque,Ribeiro,MG,43,F
315,Antonella Castro,Souza,BA,48,F
316,Josué Moura,Sá,MG,35,Outro
317,Bárbara Lima,Sousa,RS,41,Outro
318,Gabrielly Mendes,Silva Alegre,BA,31,F
319,Luiz Miguel Siqueira,Barros,SC,38,M
320,Gabrielly Dias,das Neves de Leão,PE,33,Outro
321,Arthur Gabriel Novaes,Caldeira do Norte,SP,35,M
322,Ísis Aparecida,Abreu,BA,40,F
323,Gustavo Henrique Camargo,Andrade das Pedras,DF,26,M
324,Bella Costela,Casa Grande,SP,55,Outro
325,Enzo Gabriel Duarte,Ribeiro,BA,24,Outro
326,Sr. Ravi Lucca Cunha,da Rocha,SP,22,M
327,Thomas Cunha,Viana das Pedras,PR,46,M
328,Kaique Siqueira,Souza de Moura,BA,42,M
329,Sr. Guilherme Sampaio,da Mata da Mata,CE,41,Outro
330,Valentim Macedo,Aparecida,RS,41,Outro
331,Arthur da Cunha,Garcia,RS,34,M
332,Enrico Carvalho,Rezende,BA,26,M
333,Sr. Rael Guerra,Vieira de Minas,SP,35,M
334,Diogo Aparecida,Nunes,SC,28,M
335,Sophie Araújo,Silva,BA,44,Outro
336,Maria Rezende,Pires Paulista,MG,33,Outro
337,Dr. José Miguel Cirino,da Mata de Guerra,MG,26,M
338,Dr. Murilo Carvalho,Teixeira,CE,31,Outro
339,Maria Eduarda Barros,da Luz de Minas,BA,39,F
340,Rael Freitas,Sales,DF,29,Outro
341,Maria Flor da Rosa,Mendes,SP,26,Outro
342,Sra. Maya Lima,Montenegro,BA,37,F
343,Aylla da Paz,Gonçalves,PE,37,F
344,Ana Júlia Moraes,Farias do Galho,SP,29,F
345,Luiz Miguel Andrade,Aragão Paulista,BA,30,M
346,Vinicius da Cunha,da Costa,RS,37,M
347,Sr. Danilo Oliveira,Gomes,SC,20,M
348,Vicente Souza,Moraes Alegre,BA,20,M
349,Pedro Lucas Sampaio,da Conceição do Campo,BA,27,M
350,Rhavi Azevedo,Pimenta de Mendes,RJ,32,M
351,Augusto Nunes,Pinto,SP,38,M
352,Esther Viana,Cirino,CE,49,Outro
353,Cecília Costela,Novaes,SC,43,F
354,Isabela Macedo,Vieira,RJ,33,F
355,Allana Barbosa,da Luz,SP,34,Outro
356,Lorena da Luz,Castro Paulista,RS,24,F
357,Ana Vitória Rocha,Rocha da Mata,SP,34,F
358,Pietro das Neves,Castro de Vieira,MG,32,Outro
359,Bella Pimenta,Ramos de Brito,MG,38,F
360,Enrico Camargo,Andrade,RJ,26,M
361,Natália Dias,Costela do Campo,RS,40,Outro
362,Kevin Cassiano,Novaes dos Dourados,PR,50,M
363,Dr. Kaique Cunha,Souza de Goiás,MG,33,M
364,Luísa Martins,Novais,DF,39,Outro
365,Yan Andrade,Costa Verde,RJ,41,Outro
366,Melissa Novais,Nascimento,PR,30,F
367,Mirella Rocha,Novais da Mata,DF,37,F
368,Marina Porto,Pires de Almeida,PR,35,F
369,João Guilherme Costa,Cavalcanti,BA,35,Outro
370,Sr. Davi Miguel Fernandes,Borges de Pires,RS,27,M
371,Giovanna Pires,Novais do Galho,DF,35,F
372,Maria Eduarda Machado,Alves,RS,39,Outro
373,Isis Castro,Cavalcante das Pedras,PR,49,F
374,Ana Liz Sales,Araújo de Casa Grande,DF,44,Outro
375,Maria Liz Borges,Sampaio do Galho,DF,56,F
376,Ana Lívia Santos,Correia de Moreira,SC,27,F
377,Sr. Davi Miguel Cardoso,da Rocha,BA,43,Outro
378,Davi Lucca da Luz,Nascimento,SC,36,Outro
379,Ana Beatriz Gomes,da Cunha do Norte,CE,56,F
380,Isis Machado,Araújo,SC,26,Outro
381,Helena Souza,Pires,BA,26,F
382,Lucca Barros,Rocha Verde,RJ,29,M
383,Heitor Dias,Alves do Oeste,SC,18,M
384,Maitê Pastor,da Costa,PE,29,Outro
385,Maria Freitas,Aparecida do Norte,MG,27,Outro
386,Diogo Moreira,Azevedo,MG,36,M
387,Mariana Fogaça,Fonseca dos Dourados,CE,38,Outro
388,Dr. Renan Borges,Mendonça,PR,53,Outro
389,Thomas Abreu,Sampaio do Campo,CE,44,Outro
390,Théo Melo,Siqueira do Campo,PE,29,M
391,Yago Sá,da Conceição,DF,26,M
392,Dr. Pedro Miguel Vasconcelos,Albuquerque,SC,39,M
393,Rebeca Ribeiro,Almeida dos Dourados,RJ,21,F
394,Heitor Garcia,Pacheco,PE,53,M
395,Emanuella Marques,da Mata Paulista,PE,46,F
396,Clarice Pacheco,Mendes Verde,DF,30,Outro
397,Valentim Nunes,Moura,BA,18,Outro
398,Paulo Brito,Pimenta,SP,48,M
399,Léo Montenegro,Souza do Amparo,SC,33,M
400,Dra. Maria Flor Mendes,Camargo de da Cruz,PE,47,F
401,Alícia Jesus,Melo,SC,19,F
402,Sr. Theo Almeida,Sales das Flores,SC,29,M
403,Dr. Isaac Fogaça,Abreu de Viana,DF,35,M
404,Caio Moura,Oliveira dos Dourados,PR,35,Outro
405,João Moreira,Novaes,SP,30,Outro
406,Lorena Silva,Duarte,RS,41,Outro
407,Ana Luiza da Rocha,Campos,RS,24,F
408,Luiz Fernando da Rocha,Silveira,BA,33,Outro
409,Davi Pacheco,Cardoso de Campos,CE,36,M
410,Lavínia Costa,Pires,PE,40,F
411,Sr. Leandro Martins,Cirino,PE,42,Outro
412,Cauã Brito,Castro,SP,23,M
413,Srta. Maria Liz Fonseca,Cavalcante de Goiás,PR,19,F
414,Ayla Leão,Pastor,BA,47,F
415,Sr. Vicente Novais,Martins,RS,38,Outro
416,Sr. Enzo Gabriel Silva,Mendes da Prata,DF,27,M
417,Dom da Paz,Pastor,PE,50,M
418,Paulo Siqueira,Monteiro de Goiás,CE,36,Outro
419,Sr. Breno Costa,Cirino de Minas,BA,46,M
420,Esther Montenegro,Fogaça dos Dourados,CE,35,Outro
421,Théo Nascimento,Pimenta,SC,55,M
422,Maria Fernanda Aparecida,Rocha Paulista,PE,52,Outro
423,Vinícius Fogaça,Lopes,PR,32,M
424,Marcelo da Cunha,Cirino do Galho,RS,44,M
425,Maria Clara Casa Grande,Novais da Serra,RS,41,F
426,Pedro Lucas Cirino,Oliveira,RJ,48,M
427,Sra. Evelyn Cardoso,Mendes de Araújo,CE,25,Outro
428,Sara Sampaio,Borges da Praia,MG,41,Outro
429,Aurora Garcia,Pinto,RS,45,F
430,Bella Vieira,Cardoso da Mata,PE,18,Outro
431,Fernando Costela,Pinto,DF,23,M
432,Ana Beatriz Cavalcanti,Araújo,DF,18,Outro
433,Joaquim Vieira,Caldeira da Praia,RJ,32,M
434,Maitê Montenegro,Pacheco do Sul,PR,42,F
435,Maria Laura Pereira,Peixoto de Campos,SC,50,F
436,Dra. Lavínia Lima,Nunes de da Rocha,PR,35,F
437,Rebeca Pires,Vieira,CE,51,F
438,Lorena Gonçalves,da Paz do Oeste,PR,21,F
439,Ayla Guerra,Fogaça,SP,18,F
440,Theo Vieira,Rezende,PR,34,Outro
441,Oliver Lima,Oliveira,MG,38,Outro
442,João Pedro Rezende,Pires dos Dourados,PE,34,Outro
443,Sra. Alexia Cavalcante,Brito,SP,18,F
444,Isabella Lopes,Monteiro,PR,34,Outro
445,Gael Henrique Rezende,Duarte,PE,21,M
446,Dr. Raul Santos,Lima,SC,41,M
447,Sra. Sophie da Mota,da Cruz de Campos,SP,38,F
448,Cauê Martins,Barbosa,PE,25,M
449,Sofia Caldeira,Novaes,RJ,29,F
450,Vicente Leão,da Paz Grande,PE,24,M
451,Larissa da Rocha,Novaes,DF,34,F
452,Alexia Fogaça,Ferreira,SP,44,Outro
453,Srta. Isabela Pires,Vieira do Galho,MG,25,F
454,Lucca Almeida,Peixoto de Albuquerque,PR,40,Outro
455,Natália Gomes,Brito do Norte,RS,29,F
456,Natália Mendes,Rios,CE,27,F
457,Dr. Dante da Mata,Borges,DF,33,M
458,Thomas Pastor,Brito,DF,24,Outro
459,Maria Luiza Azevedo,Marques,CE,29,F
460,Sr. Joaquim Santos,Pastor da Mata,PE,23,M
461,Sr. Arthur Vieira,Gonçalves,PR,54,M
462,Sr. Caio Macedo,Ramos,BA,35,Outro
463,Gustavo Henrique Lopes,Fernandes do Galho,DF,28,M
464,Gael Henrique da Rosa,Ribeiro do Norte,SP,37,Outro
465,João Pedro Aparecida,Santos,RJ,33,Outro
466,Melissa Pires,Fonseca Verde,RS,32,F
467,Sr. Vitor Hugo Casa Grande,Ferreira,RJ,41,M
468,Beatriz Cavalcanti,Pacheco do Sul,RS,42,F
469,Dra. Ana Clara Correia,Macedo de Peixoto,CE,29,F
470,Fernanda Machado,Oliveira,MG,29,F
471,Bella Monteiro,Monteiro,BA,32,F
472,Dr. Antony Carvalho,Casa Grande,DF,18,M
473,João Guilherme Santos,Costa,PR,19,M
474,Natália Ramos,Aparecida,RS,48,F
475,João Pedro Barros,Farias do Sul,PR,51,M
476,Manuela Cardoso,Rezende do Sul,PE,32,Outro
477,Sra. Joana da Mota,Fogaça,RS,40,F
478,Luiz Fernando Brito,Nogueira Paulista,DF,38,M
479,João Lucas Correia,Garcia de Pastor,RS,65,Outro
480,Caio Dias,Pacheco,RJ,46,M
481,Calebe Teixeira,da Mata das Flores,RS,33,Outro
482,João Pedro Siqueira,da Conceição de Goiás,MG,25,Outro
483,João Pedro Leão,Porto do Norte,MG,18,M
484,Ester Freitas,da Rocha,SP,37,F
485,Luana da Luz,Moura Verde,PR,27,F
486,Kevin da Costa,Gomes das Flores,DF,20,Outro
487,Sr. Caio Pastor,Santos da Prata,PE,28,M
488,Srta. Alexia Rocha,Aparecida,PE,24,F
489,Dr. Matheus Teixeira,Freitas da Serra,PR,51,Outro
490,Thomas Pimenta,Novais,BA,43,Outro
491,Antony da Cunha,Moura,CE,34,M
492,Dra. Aurora Ferreira,da Paz do Sul,PE,49,Outro
493,Vinicius Albuquerque,Fogaça de Costela,RJ,35,M
494,Maria Vitória Jesus,Cavalcante do Oeste,SP,26,Outro
495,Sr. Josué Montenegro,Rios,SC,50,M
496,Dra. Gabrielly Nascimento,da Paz,PR,40,Outro
497,Stella da Conceição,Rodrigues do Sul,RJ,24,F
498,Heloisa Farias,da Mata,DF,33,F
499,Lavínia Souza,Andrade de Minas,SP,26,Outro
500,Sr. Benício da Mota,Pacheco do Sul,PR,21,Outro
